{"cameraMode":{"drawMode":0,"name":"Shaded","section":"Shading Mode"},"sceneLighting":false,"audioPlay":false,"sceneViewState":{"showFog":true,"showMaterialUpdate":true,"showSkybox":false,"showFlares":true,"showImageEffects":true,"showParticleSystems":true},"in2DMode":false,"pivot":{"x":-2.244849443435669,"y":7.879498481750488,"z":10.634843826293946},"rotation":{"x":-0.004511955659836531,"y":0.8818012475967407,"z":0.00847568828612566,"w":0.4715738892555237},"size":6.863101482391357,"orthographic":false}