{"cameraMode":{"drawMode":0,"name":"Shaded","section":"Shading Mode"},"sceneLighting":false,"audioPlay":false,"sceneViewState":{"showFog":true,"showMaterialUpdate":true,"showSkybox":false,"showFlares":true,"showImageEffects":true,"showParticleSystems":true},"in2DMode":false,"pivot":{"x":14.286070823669434,"y":-3.3756840229034426,"z":-6.199742317199707},"rotation":{"x":0.055556852370500568,"y":0.9274284243583679,"z":-0.15299728512763978,"w":0.33674678206443789},"size":19.36427879333496,"orthographic":false}