{"cameraMode":{"drawMode":0,"name":"Shaded","section":"Shading Mode"},"sceneLighting":false,"audioPlay":false,"sceneViewState":{"showFog":true,"showMaterialUpdate":true,"showSkybox":false,"showFlares":true,"showImageEffects":true,"showParticleSystems":true},"in2DMode":false,"pivot":{"x":-0.25395020842552187,"y":0.19458284974098206,"z":0.08951278030872345},"rotation":{"x":0.10109300911426544,"y":0.05071684718132019,"z":-0.005158737301826477,"w":0.9935752749443054},"size":0.00005717853127862327,"orthographic":false}