{"cameraMode":{"drawMode":0,"name":"Shaded","section":"Shading Mode"},"sceneLighting":true,"audioPlay":false,"sceneViewState":{"showFog":true,"showMaterialUpdate":true,"showSkybox":true,"showFlares":true,"showImageEffects":true,"showParticleSystems":true},"in2DMode":false,"pivot":{"x":16.60573959350586,"y":1.9440158605575562,"z":0.19803662598133088},"rotation":{"x":-0.020368527621030809,"y":0.961554765701294,"z":-0.0742831602692604,"w":-0.26363739371299746},"size":2.8578836917877199,"orthographic":false}